{
    "@context": "http://www.w3.org/ns/csvw",
    "aboutUrl": null,
    "dc:bibliographicCitation": "Wichmann, S\u00f8ren, Eric W. Holman, and Cecil H. Brown (eds.). 2022. The ASJP Database (version 20).",
    "dc:conformsTo": "http://cldf.clld.org/v1.0/terms.rdf#Wordlist",
    "dc:format": [
        "http://concepticon.clld.org/contributions/Holman-2008-100"
    ],
    "dc:identifier": "https://asjp.clld.org",
    "dc:isVersionOf": null,
    "dc:license": "https://creativecommons.org/licenses/by/4.0/",
    "dc:related": null,
    "dc:source": "sources.bib",
    "dc:title": "CLDF dataset derived from Wichmann et al.'s \"ASJP Database\" v20 from 2022",
    "dcat:accessURL": "https://github.com/lexibank/asjp",
    "prov:wasDerivedFrom": [
        {
            "rdf:about": "https://github.com/lexibank/asjp",
            "rdf:type": "prov:Entity",
            "dc:created": "v19.1-13-gf14859b",
            "dc:title": "Repository"
        },
        {
            "rdf:about": "https://github.com/glottolog/glottolog",
            "rdf:type": "prov:Entity",
            "dc:created": "v4.6",
            "dc:title": "Glottolog"
        },
        {
            "rdf:about": "https://github.com/concepticon/concepticon-data",
            "rdf:type": "prov:Entity",
            "dc:created": "v2.6.0",
            "dc:title": "Concepticon"
        },
        {
            "rdf:about": "https://github.com/cldf-clts/clts",
            "rdf:type": "prov:Entity",
            "dc:created": "v2.2.0",
            "dc:title": "CLTS"
        }
    ],
    "prov:wasGeneratedBy": [
        {
            "dc:title": "lingpy-rcParams",
            "dc:relation": "lingpy-rcParams.json"
        },
        {
            "dc:title": "python",
            "dc:description": "3.8.10"
        },
        {
            "dc:title": "python-packages",
            "dc:relation": "requirements.txt"
        }
    ],
    "rdf:ID": "asjp",
    "rdf:type": "http://www.w3.org/ns/dcat#Distribution",
    "tables": [
        {
            "dc:conformsTo": "http://cldf.clld.org/v1.0/terms.rdf#FormTable",
            "dc:extent": 482118,
            "tableSchema": {
                "columns": [
                    {
                        "datatype": "string",
                        "propertyUrl": "http://cldf.clld.org/v1.0/terms.rdf#id",
                        "required": true,
                        "name": "ID"
                    },
                    {
                        "datatype": "string",
                        "propertyUrl": "http://purl.org/dc/terms/identifier",
                        "name": "Local_ID"
                    },
                    {
                        "datatype": "string",
                        "propertyUrl": "http://cldf.clld.org/v1.0/terms.rdf#languageReference",
                        "name": "Language_ID"
                    },
                    {
                        "datatype": "string",
                        "propertyUrl": "http://cldf.clld.org/v1.0/terms.rdf#parameterReference",
                        "name": "Parameter_ID",
                        "titles": "Concept_ID"
                    },
                    {
                        "datatype": "string",
                        "propertyUrl": "http://cldf.clld.org/v1.0/terms.rdf#value",
                        "required": true,
                        "name": "Value"
                    },
                    {
                        "datatype": "string",
                        "propertyUrl": "http://cldf.clld.org/v1.0/terms.rdf#form",
                        "required": true,
                        "name": "Form"
                    },
                    {
                        "datatype": "string",
                        "propertyUrl": "http://cldf.clld.org/v1.0/terms.rdf#segments",
                        "separator": " ",
                        "name": "Segments"
                    },
                    {
                        "datatype": "string",
                        "propertyUrl": "http://cldf.clld.org/v1.0/terms.rdf#comment",
                        "name": "Comment"
                    },
                    {
                        "datatype": "string",
                        "propertyUrl": "http://cldf.clld.org/v1.0/terms.rdf#source",
                        "separator": ";",
                        "name": "Source"
                    },
                    {
                        "datatype": "string",
                        "name": "Cognacy"
                    },
                    {
                        "datatype": "boolean",
                        "name": "Loan"
                    },
                    {
                        "datatype": "string",
                        "name": "Graphemes"
                    },
                    {
                        "datatype": "string",
                        "name": "Profile"
                    },
                    {
                        "datatype": "string",
                        "name": "gloss_in_source"
                    }
                ],
                "foreignKeys": [
                    {
                        "columnReference": [
                            "Language_ID"
                        ],
                        "reference": {
                            "resource": "languages.csv",
                            "columnReference": [
                                "ID"
                            ]
                        }
                    },
                    {
                        "columnReference": [
                            "Parameter_ID"
                        ],
                        "reference": {
                            "resource": "parameters.csv",
                            "columnReference": [
                                "ID"
                            ]
                        }
                    }
                ],
                "primaryKey": [
                    "ID"
                ]
            },
            "url": "forms.csv"
        },
        {
            "dc:conformsTo": "http://cldf.clld.org/v1.0/terms.rdf#LanguageTable",
            "dc:extent": 10168,
            "tableSchema": {
                "columns": [
                    {
                        "datatype": "string",
                        "propertyUrl": "http://cldf.clld.org/v1.0/terms.rdf#id",
                        "name": "ID"
                    },
                    {
                        "datatype": "string",
                        "propertyUrl": "http://cldf.clld.org/v1.0/terms.rdf#name",
                        "name": "Name"
                    },
                    {
                        "datatype": "string",
                        "propertyUrl": "http://cldf.clld.org/v1.0/terms.rdf#glottocode",
                        "valueUrl": "http://glottolog.org/resource/languoid/id/{Glottocode}",
                        "name": "Glottocode"
                    },
                    {
                        "datatype": "string",
                        "name": "Glottolog_Name"
                    },
                    {
                        "datatype": "string",
                        "propertyUrl": "http://cldf.clld.org/v1.0/terms.rdf#iso639P3code",
                        "name": "ISO639P3code"
                    },
                    {
                        "datatype": "string",
                        "propertyUrl": "http://cldf.clld.org/v1.0/terms.rdf#macroarea",
                        "name": "Macroarea"
                    },
                    {
                        "datatype": {
                            "base": "decimal",
                            "minimum": "-90",
                            "maximum": "90"
                        },
                        "propertyUrl": "http://cldf.clld.org/v1.0/terms.rdf#latitude",
                        "required": false,
                        "name": "Latitude"
                    },
                    {
                        "datatype": {
                            "base": "decimal",
                            "minimum": "-180",
                            "maximum": "180"
                        },
                        "propertyUrl": "http://cldf.clld.org/v1.0/terms.rdf#longitude",
                        "required": false,
                        "name": "Longitude"
                    },
                    {
                        "datatype": "string",
                        "name": "Family"
                    },
                    {
                        "datatype": "string",
                        "name": "classification_wals"
                    },
                    {
                        "datatype": "string",
                        "name": "classification_ethnologue"
                    },
                    {
                        "datatype": "string",
                        "name": "classification_glottolog"
                    },
                    {
                        "datatype": "string",
                        "name": "recently_extinct"
                    },
                    {
                        "datatype": "string",
                        "name": "long_extinct"
                    },
                    {
                        "datatype": "string",
                        "name": "year_of_extinction"
                    },
                    {
                        "datatype": "string",
                        "name": "code_wals"
                    },
                    {
                        "datatype": "string",
                        "name": "code_iso"
                    },
                    {
                        "datatype": "string",
                        "name": "transcribers"
                    }
                ],
                "primaryKey": [
                    "ID"
                ]
            },
            "url": "languages.csv"
        },
        {
            "dc:conformsTo": "http://cldf.clld.org/v1.0/terms.rdf#ParameterTable",
            "dc:extent": 100,
            "tableSchema": {
                "columns": [
                    {
                        "datatype": "string",
                        "propertyUrl": "http://cldf.clld.org/v1.0/terms.rdf#id",
                        "name": "ID"
                    },
                    {
                        "datatype": "string",
                        "propertyUrl": "http://cldf.clld.org/v1.0/terms.rdf#name",
                        "name": "Name"
                    },
                    {
                        "datatype": "string",
                        "propertyUrl": "http://cldf.clld.org/v1.0/terms.rdf#concepticonReference",
                        "valueUrl": "http://concepticon.clld.org/parameters/{Concepticon_ID}",
                        "name": "Concepticon_ID"
                    },
                    {
                        "datatype": "string",
                        "name": "Concepticon_Gloss"
                    }
                ],
                "primaryKey": [
                    "ID"
                ]
            },
            "url": "parameters.csv"
        }
    ]
}