AC,Agustina Carrizo
AG,Anthony Grant
AKW,Ann-Katrin Wett
AM,André Müller
AM2,Arjan Mossel
CB,Cecil H. Brown
DA,Darja Appelganz
DB,David Beck
DE,Dmitry Egorov
DP,Dickson Pagente
DW,Danli Wu
EK,Evgenia Korovina
GS,Guillaume Segerer
HG,Helen Geyer
JB,Julia Bischoffberger
JML,Johann-Mattis List
KX,Ke Xu
MD,Mark Donohue
MP,Matthias Pache
MSD,Matthew S. Dryer
MU,Matthias Urban
OB,Oleg Belyaev
PB,Pamela Brown
PC,Pengfei Chen
PE,Patience Epps
PS,Paul Sidwell
QR,Qibin Ran
RM,Robert Mailhammer
SS,Sebastian Sauppe
SW,Søren Wichmann
TVV,Tessa de Mol-van Valen
VV,Viveka Velupillai
YL,Yuzhu Liang
YS,Yue Sun
ZM,Zarina Molochieva
